scaffold,bin,cas_genes,cas_gene_numbers,include,tax,ggkbase_scaffold_name,Notes
CG_2015-15_scaffold_1,CG_2015-15_SR1_plus_33_17,['cas1' 'cas4' 'cas2'],"['CG_2015-15_scaffold_1_545' 'CG_2015-15_scaffold_1_544'
 'CG_2015-15_scaffold_1_546']",TRUE,Absconditabacteria,CG_2015-15_SR1_plus_33_17_prodigal-single-25_scaffold_9,
NCBI_GCA013333295_2_Absconditabacteria_35_scaffold_8,NCBI_GCA013333295.2_Absconditabacteria_35,['cpf1' 'cas1' 'cas4' 'cas2'],"['NCBI_GCA013333295_2_Absconditabacteria_35_scaffold_8_5'
 'NCBI_GCA013333295_2_Absconditabacteria_35_scaffold_8_2'
 'NCBI_GCA013333295_2_Absconditabacteria_35_scaffold_8_3'
 'NCBI_GCA013333295_2_Absconditabacteria_35_scaffold_8_1']",TRUE,Absconditabacteria,NCBI_GCA013333295.2_Absconditabacteria_35_scaffold_8,
NCBI_GCA013333915_2_Absconditabacteria_36_scaffold_10,NCBI_GCA013333915.2_Absconditabacteria_36,['cpf1' 'cas1' 'cas4' 'cas2'],"['NCBI_GCA013333915_2_Absconditabacteria_36_scaffold_10_98'
 'NCBI_GCA013333915_2_Absconditabacteria_36_scaffold_10_93'
 'NCBI_GCA013333915_2_Absconditabacteria_36_scaffold_10_94'
 'NCBI_GCA013333915_2_Absconditabacteria_36_scaffold_10_92']",TRUE,Absconditabacteria,NCBI_GCA013333915.2_Absconditabacteria_36_scaffold_10,
PATRIC_1540874_3_Absconditabacteria_38_scaffold_1,PATRIC_1540874.3_Absconditabacteria_38,['cpf1'],['PATRIC_1540874_3_Absconditabacteria_38_scaffold_1_554'],TRUE,Absconditabacteria,PATRIC_1540874.3_Absconditabacteria_38_scaffold_1,
Shaiber2020_ORALPAFMAG00010_Absconditabacteria_36_scaffold_10,Shaiber2020_ORALPAFMAG00010_Absconditabacteria_36,['cpf1' 'cas1' 'cas4' 'cas2'],"['Shaiber2020_ORALPAFMAG00010_Absconditabacteria_36_scaffold_10_98'
 'Shaiber2020_ORALPAFMAG00010_Absconditabacteria_36_scaffold_10_93'
 'Shaiber2020_ORALPAFMAG00010_Absconditabacteria_36_scaffold_10_94'
 'Shaiber2020_ORALPAFMAG00010_Absconditabacteria_36_scaffold_10_92']",TRUE,Absconditabacteria,Shaiber2020_ORALPAFMAG00010_Absconditabacteria_36_scaffold_10,
Shaiber2020_ORALPCFBin00011_Absconditabacteria_36_scaffold_55,Shaiber2020_ORALPCFBin00011_Absconditabacteria_36,['cas1' 'cas4' 'cas2'],"['Shaiber2020_ORALPCFBin00011_Absconditabacteria_36_scaffold_55_3'
 'Shaiber2020_ORALPCFBin00011_Absconditabacteria_36_scaffold_55_2'
 'Shaiber2020_ORALPCFBin00011_Absconditabacteria_36_scaffold_55_4']",TRUE,Absconditabacteria,Shaiber2020_ORALPCFBin00011_Absconditabacteria_36_scaffold_55,
ACD3_16,ACD3,['cpf1' 'cas1' 'cas4' 'cas2'],['ACD3_16_20' 'ACD3_16_18' 'ACD3_16_19' 'ACD3_16_17'],TRUE,Gracilibacteria,ACD3_prodigal-single-25_scaffold_16,
ar4r2_scaffold_1460,ALUMROCK_MS4_BD1-5_24_33_curated,['cas1' 'cas2'],['ar4r2_scaffold_1460_6' 'ar4r2_scaffold_1460_7'],TRUE,Gracilibacteria,ALUMROCK_MS4_BD1-5_24_33_curated_prodigal-single-25_scaffold_36,
ar4r2_scaffold_550,ALUMROCK_MS4_BD1-5_24_33_curated,['cpf1' 'cas1' 'cas4' 'cas2'],"['ar4r2_scaffold_550_21' 'ar4r2_scaffold_550_25' 'ar4r2_scaffold_550_24'
 'ar4r2_scaffold_550_26']",TRUE,Gracilibacteria,ALUMROCK_MS4_BD1-5_24_33_curated_prodigal-single-25_scaffold_86,
AR1-0_1_scaffold_21,AR_2015_1-01_BD1-5_23_19_curated,['cpf1' 'cas1' 'cas4' 'cas2'],"['AR1-0_1_scaffold_21_37' 'AR1-0_1_scaffold_21_41'
 'AR1-0_1_scaffold_21_40' 'AR1-0_1_scaffold_21_42']",TRUE,Gracilibacteria,AR_2015_1-01_BD1-5_23_19_curated_prodigal-single-25_scaffold_16,
AR1-0_1_scaffold_192,AR_2015_1-01_BD1-5_23_19_curated,['cas1' 'cas2'],['AR1-0_1_scaffold_192_5' 'AR1-0_1_scaffold_192_6'],TRUE,Gracilibacteria,AR_2015_1-01_BD1-5_23_19_curated_prodigal-single-25_scaffold_43,
AR1-0_65_scaffold_1761,AR_2015_1-065_BD1-5_24_6_curated,['cas1' 'cas2'],['AR1-0_65_scaffold_1761_1' 'AR1-0_65_scaffold_1761_2'],TRUE,Gracilibacteria,AR_2015_1-065_BD1-5_24_6_curated_prodigal-single-25_scaffold_172,
AR2-0_1_scaffold_32,AR_2015_2-01_BD1-5_23_23_curated,['cpf1' 'cas1' 'cas4' 'cas2'],"['AR2-0_1_scaffold_32_37' 'AR2-0_1_scaffold_32_41'
 'AR2-0_1_scaffold_32_40' 'AR2-0_1_scaffold_32_42']",TRUE,Gracilibacteria,AR_2015_2-01_BD1-5_23_23_curated_prodigal-single-25_scaffold_27,
AR2-0_1_scaffold_215,AR_2015_2-01_BD1-5_23_23_curated,['cas1' 'cas2'],['AR2-0_1_scaffold_215_12' 'AR2-0_1_scaffold_215_11'],TRUE,Gracilibacteria,AR_2015_2-01_BD1-5_23_23_curated_prodigal-single-25_scaffold_55,
AR2-0_65_scaffold_1637,AR_2015_2-065_BD1-5_24_8_curated,['cas2'],['AR2-0_65_scaffold_1637_3'],TRUE,Gracilibacteria,AR_2015_2-065_BD1-5_24_8_curated_prodigal-single-25_scaffold_191,
AR2-0_65_scaffold_457,AR_2015_2-065_BD1-5_24_8_curated,['cas1' 'cas2'],['AR2-0_65_scaffold_457_10' 'AR2-0_65_scaffold_457_9'],TRUE,Gracilibacteria,AR_2015_2-065_BD1-5_24_8_curated_prodigal-single-25_scaffold_83,
AR_MS4_05142019_scaffold_1117,Alum_Rock_2019_MS4_test_Gracili_bin_23_66,['cpf1' 'cas1' 'cas4' 'cas2'],"['AR_MS4_05142019_scaffold_1117_36' 'AR_MS4_05142019_scaffold_1117_40'
 'AR_MS4_05142019_scaffold_1117_39' 'AR_MS4_05142019_scaffold_1117_41']",TRUE,Gracilibacteria,Alum_Rock_2019_MS4_test_Gracili_bin_23_66_prodigal-single-25_scaffold_3,
CG13_big_fil_rev_8_21_14_2_50_scaffold_1333,CG13_big_fil_rev_8_21_14_2_50_CG_GN02_01_38_23__CG13_big_fil_rev_8_21_14_2_50_CG_BD1-5_01_38_23,['cpf1' 'cas1' 'cas4' 'cas2'],"['CG13_big_fil_rev_8_21_14_2_50_scaffold_1333_7'
 'CG13_big_fil_rev_8_21_14_2_50_scaffold_1333_11'
 'CG13_big_fil_rev_8_21_14_2_50_scaffold_1333_10'
 'CG13_big_fil_rev_8_21_14_2_50_scaffold_1333_12']",TRUE,Gracilibacteria,CG13_big_fil_rev_8_21_14_2_50_CG_GN02_01_38_23__CG13_big_fil_rev_8_21_14_2_50_CG_BD1-5_01_38_23_prodigal-single-25_scaffold_32,
GTDB_GCA002412935_1_Gracilibacteria_24_scaffold_43,GTDB_GCA002412935.1_Gracilibacteria_24,['cpf1' 'cas1' 'cas4' 'cas2'],"['GTDB_GCA002412935_1_Gracilibacteria_24_scaffold_43_57'
 'GTDB_GCA002412935_1_Gracilibacteria_24_scaffold_43_60'
 'GTDB_GCA002412935_1_Gracilibacteria_24_scaffold_43_59'
 'GTDB_GCA002412935_1_Gracilibacteria_24_scaffold_43_61']",TRUE,Gracilibacteria,GTDB_GCA002412935.1_Gracilibacteria_24_scaffold_43,
GTDB_GCA002422305_1_Gracilibacteria_21_scaffold_34,GTDB_GCA002422305.1_Gracilibacteria_21,['cpf1' 'cas1' 'cas4' 'cas2'],"['GTDB_GCA002422305_1_Gracilibacteria_21_scaffold_34_5'
 'GTDB_GCA002422305_1_Gracilibacteria_21_scaffold_34_9'
 'GTDB_GCA002422305_1_Gracilibacteria_21_scaffold_34_8'
 'GTDB_GCA002422305_1_Gracilibacteria_21_scaffold_34_10']",TRUE,Gracilibacteria,GTDB_GCA002422305.1_Gracilibacteria_21_scaffold_34,
GTDB_GCA002422305_1_Gracilibacteria_21_scaffold_61,GTDB_GCA002422305.1_Gracilibacteria_21,['cas1' 'cas2'],"['GTDB_GCA002422305_1_Gracilibacteria_21_scaffold_61_8'
 'GTDB_GCA002422305_1_Gracilibacteria_21_scaffold_61_7']",TRUE,Gracilibacteria,GTDB_GCA002422305.1_Gracilibacteria_21_scaffold_61,
GTDB_GCA002426885_1_Gracilibacteria_43_scaffold_3,GTDB_GCA002426885.1_Gracilibacteria_43,['cas1' 'cas9' 'cas2'],"['GTDB_GCA002426885_1_Gracilibacteria_43_scaffold_3_8'
 'GTDB_GCA002426885_1_Gracilibacteria_43_scaffold_3_7'
 'GTDB_GCA002426885_1_Gracilibacteria_43_scaffold_3_9']",TRUE,Gracilibacteria,GTDB_GCA002426885.1_Gracilibacteria_43_scaffold_3,
GTDB_GCA002470645_1_Gracilibacteria_26_scaffold_9,GTDB_GCA002470645.1_Gracilibacteria_26,['cas1' 'cas4' 'cas2'],"['GTDB_GCA002470645_1_Gracilibacteria_26_scaffold_9_2'
 'GTDB_GCA002470645_1_Gracilibacteria_26_scaffold_9_3'
 'GTDB_GCA002470645_1_Gracilibacteria_26_scaffold_9_1']",TRUE,Gracilibacteria,GTDB_GCA002470645.1_Gracilibacteria_26_scaffold_9,
IMG_2636415965_Gracilibacteria_26_scaffold_63,IMG_2636415965_Gracilibacteria_26,['cas1' 'cas4' 'cas2'],"['IMG_2636415965_Gracilibacteria_26_scaffold_63_5'
 'IMG_2636415965_Gracilibacteria_26_scaffold_63_6'
 'IMG_2636415965_Gracilibacteria_26_scaffold_63_4']",TRUE,Gracilibacteria,IMG_2636415965_Gracilibacteria_26_scaffold_63,
PATRIC_1540872_6_Gracilibacteria_25_scaffold_1,PATRIC_1540872.6_Gracilibacteria_25,['cpf1' 'cas1' 'cas4' 'cas2'],"['PATRIC_1540872_6_Gracilibacteria_25_scaffold_1_190'
 'PATRIC_1540872_6_Gracilibacteria_25_scaffold_1_188'
 'PATRIC_1540872_6_Gracilibacteria_25_scaffold_1_189'
 'PATRIC_1540872_6_Gracilibacteria_25_scaffold_1_187']",TRUE,Gracilibacteria,PATRIC_1540872.6_Gracilibacteria_25_scaffold_1,
PATRIC_1912928_3_Gracilibacteria_25_scaffold_3,PATRIC_1912928.3_Gracilibacteria_25,['cpf1' 'cas1' 'cas4' 'cas2'],"['PATRIC_1912928_3_Gracilibacteria_25_scaffold_3_53'
 'PATRIC_1912928_3_Gracilibacteria_25_scaffold_3_55'
 'PATRIC_1912928_3_Gracilibacteria_25_scaffold_3_54'
 'PATRIC_1912928_3_Gracilibacteria_25_scaffold_3_56']",TRUE,Gracilibacteria,PATRIC_1912928.3_Gracilibacteria_25_scaffold_3,
PATRIC_1914866_3_Gracilibacteria_37_scaffold_1,PATRIC_1914866.3_Gracilibacteria_37,['cpf1' 'cas1' 'cas4' 'cas2'],"['PATRIC_1914866_3_Gracilibacteria_37_scaffold_1_594'
 'PATRIC_1914866_3_Gracilibacteria_37_scaffold_1_596'
 'PATRIC_1914866_3_Gracilibacteria_37_scaffold_1_595'
 'PATRIC_1914866_3_Gracilibacteria_37_scaffold_1_597']",TRUE,Gracilibacteria,PATRIC_1914866.3_Gracilibacteria_37_scaffold_1,
PATRIC_1974577_4_Gracilibacteria_38_scaffold_40,PATRIC_1974577.4_Gracilibacteria_38,['cpf1' 'cas1' 'cas4' 'cas2'],"['PATRIC_1974577_4_Gracilibacteria_38_scaffold_40_1'
 'PATRIC_1974577_4_Gracilibacteria_38_scaffold_40_5'
 'PATRIC_1974577_4_Gracilibacteria_38_scaffold_40_4'
 'PATRIC_1974577_4_Gracilibacteria_38_scaffold_40_6']",TRUE,Gracilibacteria,PATRIC_1974577.4_Gracilibacteria_38_scaffold_40,
PATRIC_2044595_15_Gracilibacteria_24_scaffold_5,PATRIC_2044595.15_Gracilibacteria_24,['cpf1' 'cas1' 'cas4' 'cas2'],"['PATRIC_2044595_15_Gracilibacteria_24_scaffold_5_5'
 'PATRIC_2044595_15_Gracilibacteria_24_scaffold_5_2'
 'PATRIC_2044595_15_Gracilibacteria_24_scaffold_5_3'
 'PATRIC_2044595_15_Gracilibacteria_24_scaffold_5_1']",TRUE,Gracilibacteria,PATRIC_2044595.15_Gracilibacteria_24_scaffold_5,
Almeida2020_MGYGHGUT02951_Saccharibacteria_35_scaffold_2,Almeida2020_MGYGHGUT02951_Saccharibacteria_35,['cas9' 'cas1' 'cas2'],"['Almeida2020_MGYGHGUT02951_Saccharibacteria_35_scaffold_2_27'
 'Almeida2020_MGYGHGUT02951_Saccharibacteria_35_scaffold_2_26'
 'Almeida2020_MGYGHGUT02951_Saccharibacteria_35_scaffold_2_25']",TRUE,Saccharibacteria,Almeida2020_MGYGHGUT02951_Saccharibacteria_35_scaffold_2,
Campanaro2020_METABATAS08sgBPME207_Saccharibacteria_43_scaffold_44,Campanaro2020_METABATAS08sgBPME207_Saccharibacteria_43,['cas9' 'cas1' 'cas2'],"['Campanaro2020_METABATAS08sgBPME207_Saccharibacteria_43_scaffold_44_1'
 'Campanaro2020_METABATAS08sgBPME207_Saccharibacteria_43_scaffold_44_2'
 'Campanaro2020_METABATAS08sgBPME207_Saccharibacteria_43_scaffold_44_3']",TRUE,Saccharibacteria,Campanaro2020_METABATAS08sgBPME207_Saccharibacteria_43_scaffold_44,
DolZOral124_scaffold_12345,DOLZORAL124_TM7_45_28_partial,['cas9' 'cas1' 'cas2'],"['DolZOral124_scaffold_12345_5' 'DolZOral124_scaffold_12345_4'
 'DolZOral124_scaffold_12345_3']",TRUE,Saccharibacteria,DolZOral124_scaffold_12345,
DolZOral124_scaffold_4277,DOLZORAL124_TM7_54_13_A,['cas9' 'cas1' 'cas2'],"['DolZOral124_scaffold_4277_6' 'DolZOral124_scaffold_4277_7'
 'DolZOral124_scaffold_4277_8']",TRUE,Saccharibacteria,DolZOral124_scaffold_4277,
DolZOral124_scaffold_46537,DOLZORAL124_TM7_55_12,['cas1' 'cas9' 'cas2'],"['DolZOral124_scaffold_46537_2' 'DolZOral124_scaffold_46537_3'
 'DolZOral124_scaffold_46537_1']",TRUE,Saccharibacteria,DolZOral124_scaffold_46537,
GTDB_GCA004561445_1_Saccharibacteria_44_scaffold_14,GTDB_GCA004561445.1_Saccharibacteria_44,['cas9' 'cas1' 'csn2' 'cas2'],"['GTDB_GCA004561445_1_Saccharibacteria_44_scaffold_14_567'
 'GTDB_GCA004561445_1_Saccharibacteria_44_scaffold_14_566'
 'GTDB_GCA004561445_1_Saccharibacteria_44_scaffold_14_564'
 'GTDB_GCA004561445_1_Saccharibacteria_44_scaffold_14_565']",TRUE,Saccharibacteria,GTDB_GCA004561445.1_Saccharibacteria_44_scaffold_14,
IMG_2236661024_Saccharibacteria_39_scaffold_231,IMG_2236661024_Saccharibacteria_39,['cas1' 'csn2' 'cas2'],"['IMG_2236661024_Saccharibacteria_39_scaffold_231_2'
 'IMG_2236661024_Saccharibacteria_39_scaffold_231_4'
 'IMG_2236661024_Saccharibacteria_39_scaffold_231_3']",TRUE,Saccharibacteria,IMG_2236661024_Saccharibacteria_39_scaffold_231,
IMG_2236661025_Saccharibacteria_47_scaffold_8,IMG_2236661025_Saccharibacteria_47,['cas9' 'cas1' 'csn2' 'cas2'],"['IMG_2236661025_Saccharibacteria_47_scaffold_8_3'
 'IMG_2236661025_Saccharibacteria_47_scaffold_8_4'
 'IMG_2236661025_Saccharibacteria_47_scaffold_8_6'
 'IMG_2236661025_Saccharibacteria_47_scaffold_8_5']",TRUE,Saccharibacteria,IMG_2236661025_Saccharibacteria_47_scaffold_8,
IMG_2236661026_Saccharibacteria_50_scaffold_37,IMG_2236661026_Saccharibacteria_50,['cas1' 'cas7' 'cas6' 'cas5' 'cas2'],"['IMG_2236661026_Saccharibacteria_50_scaffold_37_19'
 'IMG_2236661026_Saccharibacteria_50_scaffold_37_15'
 'IMG_2236661026_Saccharibacteria_50_scaffold_37_18'
 'IMG_2236661026_Saccharibacteria_50_scaffold_37_17'
 'IMG_2236661026_Saccharibacteria_50_scaffold_37_14'
 'IMG_2236661026_Saccharibacteria_50_scaffold_37_20']",TRUE,Saccharibacteria,IMG_2236661026_Saccharibacteria_50_scaffold_37,
IMG_2236661027_Saccharibacteria_41_scaffold_77,IMG_2236661027_Saccharibacteria_41,['cas1' 'csn2'],"['IMG_2236661027_Saccharibacteria_41_scaffold_77_2'
 'IMG_2236661027_Saccharibacteria_41_scaffold_77_3']",TRUE,Saccharibacteria,IMG_2236661027_Saccharibacteria_41_scaffold_77,
NCBI_GCA013333515_2_Saccharibacteria_51_scaffold_42,NCBI_GCA013333515.2_Saccharibacteria_51,['cas9' 'cas1' 'cas2'],"['NCBI_GCA013333515_2_Saccharibacteria_51_scaffold_42_3'
 'NCBI_GCA013333515_2_Saccharibacteria_51_scaffold_42_2'
 'NCBI_GCA013333515_2_Saccharibacteria_51_scaffold_42_1']",TRUE,Saccharibacteria,NCBI_GCA013333515.2_Saccharibacteria_51_scaffold_42,
NCBI_GCA013333815_2_Saccharibacteria_38_scaffold_6,NCBI_GCA013333815.2_Saccharibacteria_38,['cas1' 'cas2'],"['NCBI_GCA013333815_2_Saccharibacteria_38_scaffold_6_2'
 'NCBI_GCA013333815_2_Saccharibacteria_38_scaffold_6_3']",TRUE,Saccharibacteria,NCBI_GCA013333815.2_Saccharibacteria_38_scaffold_6,
PATRIC_1917697_5_Saccharibacteria_47_scaffold_109,PATRIC_1917697.5_Saccharibacteria_47,['cas1' 'cas7' 'cas6' 'cas10' 'cas5' 'cas2'],"['PATRIC_1917697_5_Saccharibacteria_47_scaffold_109_2'
 'PATRIC_1917697_5_Saccharibacteria_47_scaffold_109_6'
 'PATRIC_1917697_5_Saccharibacteria_47_scaffold_109_3'
 'PATRIC_1917697_5_Saccharibacteria_47_scaffold_109_4'
 'PATRIC_1917697_5_Saccharibacteria_47_scaffold_109_8'
 'PATRIC_1917697_5_Saccharibacteria_47_scaffold_109_7'
 'PATRIC_1917697_5_Saccharibacteria_47_scaffold_109_1']",TRUE,Saccharibacteria,PATRIC_1917697.5_Saccharibacteria_47_scaffold_109,
PATRIC_1917697_5_Saccharibacteria_47_scaffold_326,PATRIC_1917697.5_Saccharibacteria_47,['cas9' 'cas1' 'cas2'],"['PATRIC_1917697_5_Saccharibacteria_47_scaffold_326_1'
 'PATRIC_1917697_5_Saccharibacteria_47_scaffold_326_2'
 'PATRIC_1917697_5_Saccharibacteria_47_scaffold_326_3']",TRUE,Saccharibacteria,PATRIC_1917697.5_Saccharibacteria_47_scaffold_326,
PATRIC_1986205_3_Saccharibacteria_48_scaffold_98,PATRIC_1986205.3_Saccharibacteria_48,['cas9' 'cas1' 'csn2' 'cas2'],"['PATRIC_1986205_3_Saccharibacteria_48_scaffold_98_18'
 'PATRIC_1986205_3_Saccharibacteria_48_scaffold_98_17'
 'PATRIC_1986205_3_Saccharibacteria_48_scaffold_98_15'
 'PATRIC_1986205_3_Saccharibacteria_48_scaffold_98_16']",TRUE,Saccharibacteria,PATRIC_1986205.3_Saccharibacteria_48_scaffold_98,
PATRIC_2026720_101_Saccharibacteria_49_scaffold_109,PATRIC_2026720.101_Saccharibacteria_49,['cas1' 'cas2'],"['PATRIC_2026720_101_Saccharibacteria_49_scaffold_109_2'
 'PATRIC_2026720_101_Saccharibacteria_49_scaffold_109_3']",TRUE,Saccharibacteria,PATRIC_2026720.101_Saccharibacteria_49_scaffold_109,
PATRIC_2026720_70_Saccharibacteria_43_scaffold_1,PATRIC_2026720.70_Saccharibacteria_43,['cas9' 'cas1' 'csn2' 'cas2'],"['PATRIC_2026720_70_Saccharibacteria_43_scaffold_1_33'
 'PATRIC_2026720_70_Saccharibacteria_43_scaffold_1_34'
 'PATRIC_2026720_70_Saccharibacteria_43_scaffold_1_36'
 'PATRIC_2026720_70_Saccharibacteria_43_scaffold_1_35']",TRUE,Saccharibacteria,PATRIC_2026720.70_Saccharibacteria_43_scaffold_1,
PATRIC_2026720_73_Saccharibacteria_44_scaffold_1,PATRIC_2026720.73_Saccharibacteria_44,['cas9' 'cas1' 'csn2' 'cas2'],"['PATRIC_2026720_73_Saccharibacteria_44_scaffold_1_26'
 'PATRIC_2026720_73_Saccharibacteria_44_scaffold_1_25'
 'PATRIC_2026720_73_Saccharibacteria_44_scaffold_1_23'
 'PATRIC_2026720_73_Saccharibacteria_44_scaffold_1_24']",TRUE,Saccharibacteria,PATRIC_2026720.73_Saccharibacteria_44_scaffold_1,
PATRIC_2026720_93_Saccharibacteria_46_scaffold_1,PATRIC_2026720.93_Saccharibacteria_46,['cas9' 'cas1' 'cas2'],"['PATRIC_2026720_93_Saccharibacteria_46_scaffold_1_157'
 'PATRIC_2026720_93_Saccharibacteria_46_scaffold_1_158'
 'PATRIC_2026720_93_Saccharibacteria_46_scaffold_1_159']",TRUE,Saccharibacteria,PATRIC_2026720.93_Saccharibacteria_46_scaffold_1,
PATRIC_2080846_3_Saccharibacteria_51_scaffold_18,PATRIC_2080846.3_Saccharibacteria_51,['cas9' 'cas1' 'cas2'],"['PATRIC_2080846_3_Saccharibacteria_51_scaffold_18_10'
 'PATRIC_2080846_3_Saccharibacteria_51_scaffold_18_11'
 'PATRIC_2080846_3_Saccharibacteria_51_scaffold_18_12']",TRUE,Saccharibacteria,PATRIC_2080846.3_Saccharibacteria_51_scaffold_18,
PATRIC_2572087_3_Saccharibacteria_47_scaffold_1,PATRIC_2572087.3_Saccharibacteria_47,['cas9' 'cas1' 'cas2'],"['PATRIC_2572087_3_Saccharibacteria_47_scaffold_1_256'
 'PATRIC_2572087_3_Saccharibacteria_47_scaffold_1_255'
 'PATRIC_2572087_3_Saccharibacteria_47_scaffold_1_254']",TRUE,Saccharibacteria,PATRIC_2572087.3_Saccharibacteria_47_scaffold_1,
PATRIC_2699181_3_Saccharibacteria_47_scaffold_1,PATRIC_2699181.3_Saccharibacteria_47,['cas9' 'cas1' 'csn2' 'cas2'],"['PATRIC_2699181_3_Saccharibacteria_47_scaffold_1_293'
 'PATRIC_2699181_3_Saccharibacteria_47_scaffold_1_262'
 'PATRIC_2699181_3_Saccharibacteria_47_scaffold_1_292'
 'PATRIC_2699181_3_Saccharibacteria_47_scaffold_1_259'
 'PATRIC_2699181_3_Saccharibacteria_47_scaffold_1_263'
 'PATRIC_2699181_3_Saccharibacteria_47_scaffold_1_260'
 'PATRIC_2699181_3_Saccharibacteria_47_scaffold_1_290'
 'PATRIC_2699181_3_Saccharibacteria_47_scaffold_1_257'
 'PATRIC_2699181_3_Saccharibacteria_47_scaffold_1_258'
 'PATRIC_2699181_3_Saccharibacteria_47_scaffold_1_291']",TRUE,Saccharibacteria,PATRIC_2699181.3_Saccharibacteria_47_scaffold_1,
PATRIC_671231_5_Saccharibacteria_40_scaffold_1,PATRIC_671231.5_Saccharibacteria_40,['cas9' 'cas1' 'cas2'],"['PATRIC_671231_5_Saccharibacteria_40_scaffold_1_316'
 'PATRIC_671231_5_Saccharibacteria_40_scaffold_1_315'
 'PATRIC_671231_5_Saccharibacteria_40_scaffold_1_314']",TRUE,Saccharibacteria,PATRIC_671231.5_Saccharibacteria_40_scaffold_1,
PATRIC_671231_5_Saccharibacteria_40_scaffold_7,PATRIC_671231.5_Saccharibacteria_40,['cas9' 'cas1' 'csn2' 'cas2'],"['PATRIC_671231_5_Saccharibacteria_40_scaffold_7_4'
 'PATRIC_671231_5_Saccharibacteria_40_scaffold_7_3'
 'PATRIC_671231_5_Saccharibacteria_40_scaffold_7_5'
 'PATRIC_671231_5_Saccharibacteria_40_scaffold_7_1'
 'PATRIC_671231_5_Saccharibacteria_40_scaffold_7_2']",TRUE,Saccharibacteria,PATRIC_671231.5_Saccharibacteria_40_scaffold_7,
PATRIC_671231_6_Saccharibacteria_41_scaffold_2,PATRIC_671231.6_Saccharibacteria_41,['cas9' 'cas1' 'cas2'],"['PATRIC_671231_6_Saccharibacteria_41_scaffold_2_17'
 'PATRIC_671231_6_Saccharibacteria_41_scaffold_2_18'
 'PATRIC_671231_6_Saccharibacteria_41_scaffold_2_19']",TRUE,Saccharibacteria,PATRIC_671231.6_Saccharibacteria_41_scaffold_2,
PATRIC_713049_3_Saccharibacteria_48_scaffold_22,PATRIC_713049.3_Saccharibacteria_48,['cas9' 'cas1' 'csn2' 'cas2'],"['PATRIC_713049_3_Saccharibacteria_48_scaffold_22_7'
 'PATRIC_713049_3_Saccharibacteria_48_scaffold_22_6'
 'PATRIC_713049_3_Saccharibacteria_48_scaffold_22_4'
 'PATRIC_713049_3_Saccharibacteria_48_scaffold_22_5']",TRUE,Saccharibacteria,PATRIC_713049.3_Saccharibacteria_48_scaffold_22,
PATRIC_713049_3_Saccharibacteria_48_scaffold_38,PATRIC_713049.3_Saccharibacteria_48,['cas1' 'cas2'],"['PATRIC_713049_3_Saccharibacteria_48_scaffold_38_6'
 'PATRIC_713049_3_Saccharibacteria_48_scaffold_38_5']",TRUE,Saccharibacteria,PATRIC_713049.3_Saccharibacteria_48_scaffold_38,
PATRIC_713049_4_Saccharibacteria_48_scaffold_9,PATRIC_713049.4_Saccharibacteria_48,['cas9' 'cas1' 'csn2' 'cas2'],"['PATRIC_713049_4_Saccharibacteria_48_scaffold_9_12'
 'PATRIC_713049_4_Saccharibacteria_48_scaffold_9_13'
 'PATRIC_713049_4_Saccharibacteria_48_scaffold_9_11'
 'PATRIC_713049_4_Saccharibacteria_48_scaffold_9_15'
 'PATRIC_713049_4_Saccharibacteria_48_scaffold_9_14']",TRUE,Saccharibacteria,PATRIC_713049.4_Saccharibacteria_48_scaffold_9,
PATRIC_713049_5_Saccharibacteria_47_scaffold_22,PATRIC_713049.5_Saccharibacteria_47,['cas1' 'csn2' 'cas2'],"['PATRIC_713049_5_Saccharibacteria_47_scaffold_22_2'
 'PATRIC_713049_5_Saccharibacteria_47_scaffold_22_4'
 'PATRIC_713049_5_Saccharibacteria_47_scaffold_22_3']",TRUE,Saccharibacteria,PATRIC_713049.5_Saccharibacteria_47_scaffold_22,
PATRIC_713051_3_Saccharibacteria_47_scaffold_105,PATRIC_713051.3_Saccharibacteria_47,['cas1' 'cas2'],"['PATRIC_713051_3_Saccharibacteria_47_scaffold_105_1'
 'PATRIC_713051_3_Saccharibacteria_47_scaffold_105_2']",TRUE,Saccharibacteria,PATRIC_713051.3_Saccharibacteria_47_scaffold_105,
PATRIC_713051_3_Saccharibacteria_47_scaffold_2,PATRIC_713051.3_Saccharibacteria_47,['cas1' 'cas7' 'cas6' 'cas10' 'cas5' 'cas2'],"['PATRIC_713051_3_Saccharibacteria_47_scaffold_2_15'
 'PATRIC_713051_3_Saccharibacteria_47_scaffold_2_19'
 'PATRIC_713051_3_Saccharibacteria_47_scaffold_2_16'
 'PATRIC_713051_3_Saccharibacteria_47_scaffold_2_17'
 'PATRIC_713051_3_Saccharibacteria_47_scaffold_2_21'
 'PATRIC_713051_3_Saccharibacteria_47_scaffold_2_20'
 'PATRIC_713051_3_Saccharibacteria_47_scaffold_2_14']",TRUE,Saccharibacteria,PATRIC_713051.3_Saccharibacteria_47_scaffold_2,
PATRIC_713054_10_Saccharibacteria_42_scaffold_20,PATRIC_713054.10_Saccharibacteria_42,['cas9' 'cas1' 'csn2' 'cas2'],"['PATRIC_713054_10_Saccharibacteria_42_scaffold_20_1'
 'PATRIC_713054_10_Saccharibacteria_42_scaffold_20_2'
 'PATRIC_713054_10_Saccharibacteria_42_scaffold_20_4'
 'PATRIC_713054_10_Saccharibacteria_42_scaffold_20_3']",TRUE,Saccharibacteria,PATRIC_713054.10_Saccharibacteria_42_scaffold_20,
PATRIC_713054_3_Saccharibacteria_43_scaffold_3,PATRIC_713054.3_Saccharibacteria_43,['cas9' 'cas1' 'cas2'],"['PATRIC_713054_3_Saccharibacteria_43_scaffold_3_36'
 'PATRIC_713054_3_Saccharibacteria_43_scaffold_3_35'
 'PATRIC_713054_3_Saccharibacteria_43_scaffold_3_34']",TRUE,Saccharibacteria,PATRIC_713054.3_Saccharibacteria_43_scaffold_3,
PATRIC_713054_4_Saccharibacteria_43_scaffold_5,PATRIC_713054.4_Saccharibacteria_43,['cas9' 'cas1' 'cas2'],"['PATRIC_713054_4_Saccharibacteria_43_scaffold_5_7'
 'PATRIC_713054_4_Saccharibacteria_43_scaffold_5_6'
 'PATRIC_713054_4_Saccharibacteria_43_scaffold_5_5']",TRUE,Saccharibacteria,PATRIC_713054.4_Saccharibacteria_43_scaffold_5,
PATRIC_713054_6_Saccharibacteria_43_scaffold_16,PATRIC_713054.6_Saccharibacteria_43,['cas9' 'cas1' 'cas2'],"['PATRIC_713054_6_Saccharibacteria_43_scaffold_16_8'
 'PATRIC_713054_6_Saccharibacteria_43_scaffold_16_7'
 'PATRIC_713054_6_Saccharibacteria_43_scaffold_16_6']",TRUE,Saccharibacteria,PATRIC_713054.6_Saccharibacteria_43_scaffold_16,
PATRIC_713054_7_Saccharibacteria_44_scaffold_27,PATRIC_713054.7_Saccharibacteria_44,['cas9' 'cas1' 'cas2'],"['PATRIC_713054_7_Saccharibacteria_44_scaffold_27_6'
 'PATRIC_713054_7_Saccharibacteria_44_scaffold_27_5'
 'PATRIC_713054_7_Saccharibacteria_44_scaffold_27_4']",TRUE,Saccharibacteria,PATRIC_713054.7_Saccharibacteria_44_scaffold_27,
PATRIC_713054_8_Saccharibacteria_43_scaffold_2,PATRIC_713054.8_Saccharibacteria_43,['cas9' 'cas1' 'cas2'],"['PATRIC_713054_8_Saccharibacteria_43_scaffold_2_1'
 'PATRIC_713054_8_Saccharibacteria_43_scaffold_2_2'
 'PATRIC_713054_8_Saccharibacteria_43_scaffold_2_3']",TRUE,Saccharibacteria,PATRIC_713054.8_Saccharibacteria_43_scaffold_2,
PATRIC_713057_3_Saccharibacteria_48_scaffold_24,PATRIC_713057.3_Saccharibacteria_48,['cas1' 'cas9' 'csn2' 'cas2'],"['PATRIC_713057_3_Saccharibacteria_48_scaffold_24_10'
 'PATRIC_713057_3_Saccharibacteria_48_scaffold_24_11'
 'PATRIC_713057_3_Saccharibacteria_48_scaffold_24_8'
 'PATRIC_713057_3_Saccharibacteria_48_scaffold_24_9']",TRUE,Saccharibacteria,PATRIC_713057.3_Saccharibacteria_48_scaffold_24,
PATRIC_713059_5_Saccharibacteria_47_scaffold_1,PATRIC_713059.5_Saccharibacteria_47,['cas9' 'cas1' 'cas2'],"['PATRIC_713059_5_Saccharibacteria_47_scaffold_1_256'
 'PATRIC_713059_5_Saccharibacteria_47_scaffold_1_255'
 'PATRIC_713059_5_Saccharibacteria_47_scaffold_1_254']",TRUE,Saccharibacteria,PATRIC_713059.5_Saccharibacteria_47_scaffold_1,
PATRIC_713059_6_Saccharibacteria_47_scaffold_1,PATRIC_713059.6_Saccharibacteria_47,['cas9' 'cas1' 'csn2' 'cas2'],"['PATRIC_713059_6_Saccharibacteria_47_scaffold_1_262'
 'PATRIC_713059_6_Saccharibacteria_47_scaffold_1_261'
 'PATRIC_713059_6_Saccharibacteria_47_scaffold_1_263'
 'PATRIC_713059_6_Saccharibacteria_47_scaffold_1_259'
 'PATRIC_713059_6_Saccharibacteria_47_scaffold_1_260']",TRUE,Saccharibacteria,PATRIC_713059.6_Saccharibacteria_47_scaffold_1,
SRR1747020_scaffold_633,M03_Saccharibacteria_47_29,['cas9' 'cas1' 'cas2'],"['SRR1747020_scaffold_633_25' 'SRR1747020_scaffold_633_24'
 'SRR1747020_scaffold_633_23']",TRUE,Saccharibacteria,SRR1747020_scaffold_633,
SRR1747059_scaffold_8,F27_Saccharibacteria_47_107,['cas9' 'cas1' 'cas2'],"['SRR1747059_scaffold_8_113' 'SRR1747059_scaffold_8_114'
 'SRR1747059_scaffold_8_115']",TRUE,Saccharibacteria,SRR1747059_scaffold_8,
Shaiber2019_TM7MAGIIIA1_Saccharibacteria_47_scaffold_19,Shaiber2019_TM7MAGIIIA1_Saccharibacteria_47,['cas9' 'cas1' 'cas2'],"['Shaiber2019_TM7MAGIIIA1_Saccharibacteria_47_scaffold_19_1'
 'Shaiber2019_TM7MAGIIIA1_Saccharibacteria_47_scaffold_19_2'
 'Shaiber2019_TM7MAGIIIA1_Saccharibacteria_47_scaffold_19_3']",TRUE,Saccharibacteria,Shaiber2019_TM7MAGIIIA1_Saccharibacteria_47_scaffold_19,
Shaiber2019_TM7MAGIIIA1_Saccharibacteria_47_scaffold_57,Shaiber2019_TM7MAGIIIA1_Saccharibacteria_47,['cas1' 'cas7' 'cas6' 'cas10' 'cas5' 'cas2'],"['Shaiber2019_TM7MAGIIIA1_Saccharibacteria_47_scaffold_57_2'
 'Shaiber2019_TM7MAGIIIA1_Saccharibacteria_47_scaffold_57_6'
 'Shaiber2019_TM7MAGIIIA1_Saccharibacteria_47_scaffold_57_3'
 'Shaiber2019_TM7MAGIIIA1_Saccharibacteria_47_scaffold_57_4'
 'Shaiber2019_TM7MAGIIIA1_Saccharibacteria_47_scaffold_57_8'
 'Shaiber2019_TM7MAGIIIA1_Saccharibacteria_47_scaffold_57_7'
 'Shaiber2019_TM7MAGIIIA1_Saccharibacteria_47_scaffold_57_1']",TRUE,Saccharibacteria,Shaiber2019_TM7MAGIIIA1_Saccharibacteria_47_scaffold_57,
Shaiber2020_ORALPAFBin00012_Saccharibacteria_38_scaffold_6,Shaiber2020_ORALPAFBin00012_Saccharibacteria_38,['cas9' 'cas1' 'cas2'],"['Shaiber2020_ORALPAFBin00012_Saccharibacteria_38_scaffold_6_3'
 'Shaiber2020_ORALPAFBin00012_Saccharibacteria_38_scaffold_6_2'
 'Shaiber2020_ORALPAFBin00012_Saccharibacteria_38_scaffold_6_1']",TRUE,Saccharibacteria,Shaiber2020_ORALPAFBin00012_Saccharibacteria_38_scaffold_6,
Shaiber2020_ORALPAFBin00032_Saccharibacteria_48_scaffold_4,Shaiber2020_ORALPAFBin00032_Saccharibacteria_48,['cas9' 'cas1' 'csn2' 'cas2'],"['Shaiber2020_ORALPAFBin00032_Saccharibacteria_48_scaffold_4_5'
 'Shaiber2020_ORALPAFBin00032_Saccharibacteria_48_scaffold_4_4'
 'Shaiber2020_ORALPAFBin00032_Saccharibacteria_48_scaffold_4_2'
 'Shaiber2020_ORALPAFBin00032_Saccharibacteria_48_scaffold_4_3']",TRUE,Saccharibacteria,Shaiber2020_ORALPAFBin00032_Saccharibacteria_48_scaffold_4,
Shaiber2020_ORALPCFBin00020_Saccharibacteria_44_scaffold_22,Shaiber2020_ORALPCFBin00020_Saccharibacteria_44,['cas9' 'cas1' 'cas2'],"['Shaiber2020_ORALPCFBin00020_Saccharibacteria_44_scaffold_22_7'
 'Shaiber2020_ORALPCFBin00020_Saccharibacteria_44_scaffold_22_8'
 'Shaiber2020_ORALPCFBin00020_Saccharibacteria_44_scaffold_22_9']",TRUE,Saccharibacteria,Shaiber2020_ORALPCFBin00020_Saccharibacteria_44_scaffold_22,
Shaiber2020_ORALTCMBin00022_Saccharibacteria_35_scaffold_15,Shaiber2020_ORALTCMBin00022_Saccharibacteria_35,['cas9' 'cas1' 'cas2'],"['Shaiber2020_ORALTCMBin00022_Saccharibacteria_35_scaffold_15_3'
 'Shaiber2020_ORALTCMBin00022_Saccharibacteria_35_scaffold_15_2'
 'Shaiber2020_ORALTCMBin00022_Saccharibacteria_35_scaffold_15_1']",TRUE,Saccharibacteria,Shaiber2020_ORALTCMBin00022_Saccharibacteria_35_scaffold_15,
qs_5_scaffold_44,QS_5_TM7_54_17,['cpf1' 'cas1' 'cas4' 'cas2'],"['qs_5_scaffold_44_7' 'qs_5_scaffold_44_9' 'qs_5_scaffold_44_8'
 'qs_5_scaffold_44_10']",TRUE,Saccharibacteria,qs_5_scaffold_44,
term2_saliva_scaffold_615,TERM2_SALIVA_Candidatus_Saccharibacteria_oral_taxon_TM7x_43_78,['cas9' 'cas1' 'cas2'],"['term2_saliva_scaffold_615_25' 'term2_saliva_scaffold_615_24'
 'term2_saliva_scaffold_615_23']",TRUE,Saccharibacteria,term2_saliva_scaffold_615,
IMG_2263196005_Absconditabacteria_36_scaffold_37,IMG_2263196005_Absconditabacteria_36,['cas1' 'cas2'],"['IMG_2263196005_Absconditabacteria_36_scaffold_37_2'
 'IMG_2263196005_Absconditabacteria_36_scaffold_37_1']",TRUE,Absconditabacteria,,
PATRIC_2044595_22_Gracilibacteria_38_scaffold_57,PATRIC_2044595.22_Gracilibacteria_38,['cpf1' 'cas1' 'cas4' 'cas2'],"['PATRIC_2044595_22_Gracilibacteria_38_scaffold_57_1'
 'PATRIC_2044595_22_Gracilibacteria_38_scaffold_57_5'
 'PATRIC_2044595_22_Gracilibacteria_38_scaffold_57_4'
 'PATRIC_2044595_22_Gracilibacteria_38_scaffold_57_6']",TRUE,Gracilibacteria,,
PATRIC_1974579_4_Gracilibacteria_38_scaffold_11,PATRIC_1974579.4_Gracilibacteria_38,['cpf1' 'cas1' 'cas4' 'cas2'],"['PATRIC_1974579_4_Gracilibacteria_38_scaffold_11_7'
 'PATRIC_1974579_4_Gracilibacteria_38_scaffold_11_11'
 'PATRIC_1974579_4_Gracilibacteria_38_scaffold_11_10'
 'PATRIC_1974579_4_Gracilibacteria_38_scaffold_11_12']",TRUE,Gracilibacteria,,
CG18_big_fil_WC_8_21_14_2_50_150_scaffold_2215,CG18_big_fil_WC_8_21_14_2_50_CG_GN02_01_38_16,['cpf1' 'cas1' 'cas4' 'cas2'],"['CG18_big_fil_WC_8_21_14_2_50_150_scaffold_2215_8'
 'CG18_big_fil_WC_8_21_14_2_50_150_scaffold_2215_12'
 'CG18_big_fil_WC_8_21_14_2_50_150_scaffold_2215_11'
 'CG18_big_fil_WC_8_21_14_2_50_150_scaffold_2215_13']",TRUE,Gracilibacteria,,
PATRIC_1974581_4_Gracilibacteria_38_scaffold_31,PATRIC_1974581.4_Gracilibacteria_38,['cpf1' 'cas1' 'cas4' 'cas2'],"['PATRIC_1974581_4_Gracilibacteria_38_scaffold_31_8'
 'PATRIC_1974581_4_Gracilibacteria_38_scaffold_31_12'
 'PATRIC_1974581_4_Gracilibacteria_38_scaffold_31_11'
 'PATRIC_1974581_4_Gracilibacteria_38_scaffold_31_13']",TRUE,Gracilibacteria,,
ar4r2_scaffold_2088,ALUMROCK_MS4_BD1-5_24_33_curated,['cpf1' 'cas1' 'cas4' 'cas2'],"['ar4r2_scaffold_2088_9' 'ar4r2_scaffold_2088_5' 'ar4r2_scaffold_2088_6'
 'ar4r2_scaffold_2088_4']",TRUE,Gracilibacteria,,A bit uncertain
NCBI_GCA013333755_2_Gracilibacteria_25_scaffold_20,NCBI_GCA013333755.2_Gracilibacteria_25,['cpf1' 'cas1' 'cas4' 'cas2'],"['NCBI_GCA013333755_2_Gracilibacteria_25_scaffold_20_4'
 'NCBI_GCA013333755_2_Gracilibacteria_25_scaffold_20_2'
 'NCBI_GCA013333755_2_Gracilibacteria_25_scaffold_20_3'
 'NCBI_GCA013333755_2_Gracilibacteria_25_scaffold_20_1']",TRUE,Gracilibacteria,,
GTDB_GCA002435385_1_Gracilibacteria_27_scaffold_58,GTDB_GCA002435385.1_Gracilibacteria_27,['cpf1' 'cas1' 'cas4' 'cas2'],"['GTDB_GCA002435385_1_Gracilibacteria_27_scaffold_58_3'
 'GTDB_GCA002435385_1_Gracilibacteria_27_scaffold_58_7'
 'GTDB_GCA002435385_1_Gracilibacteria_27_scaffold_58_6'
 'GTDB_GCA002435385_1_Gracilibacteria_27_scaffold_58_8']",TRUE,Gracilibacteria,,
PATRIC_1912928_3_Gracilibacteria_25_scaffold_6,PATRIC_1912928.3_Gracilibacteria_25,['cpf1' 'cas1' 'cas4' 'cas2'],"['PATRIC_1912928_3_Gracilibacteria_25_scaffold_6_33'
 'PATRIC_1912928_3_Gracilibacteria_25_scaffold_6_31'
 'PATRIC_1912928_3_Gracilibacteria_25_scaffold_6_32'
 'PATRIC_1912928_3_Gracilibacteria_25_scaffold_6_30']",TRUE,Gracilibacteria,,
PATRIC_2044595_18_Gracilibacteria_25_scaffold_11,PATRIC_2044595.18_Gracilibacteria_25,['cpf1' 'cas1' 'cas4' 'cas2'],"['PATRIC_2044595_18_Gracilibacteria_25_scaffold_11_5'
 'PATRIC_2044595_18_Gracilibacteria_25_scaffold_11_2'
 'PATRIC_2044595_18_Gracilibacteria_25_scaffold_11_3'
 'PATRIC_2044595_18_Gracilibacteria_25_scaffold_11_1']",TRUE,Gracilibacteria,,
Shaiber2019_GN02MAGIVB2_Gracilibacteria_25_scaffold_7,Shaiber2019_GN02MAGIVB2_Gracilibacteria_25,['cpf1' 'cas1' 'cas4' 'cas2'],"['Shaiber2019_GN02MAGIVB2_Gracilibacteria_25_scaffold_7_5'
 'Shaiber2019_GN02MAGIVB2_Gracilibacteria_25_scaffold_7_2'
 'Shaiber2019_GN02MAGIVB2_Gracilibacteria_25_scaffold_7_3'
 'Shaiber2019_GN02MAGIVB2_Gracilibacteria_25_scaffold_7_1']",TRUE,Gracilibacteria,,
AR2-0_65_scaffold_356,AR_2015_2-065_BD1-5_24_8_curated,['cpf1'],['AR2-0_65_scaffold_356_9'],TRUE,Gracilibacteria,,
PATRIC_2044595_18_Gracilibacteria_25_scaffold_139,PATRIC_2044595.18_Gracilibacteria_25,['cas1' 'cas4' 'cas2'],"['PATRIC_2044595_18_Gracilibacteria_25_scaffold_139_4'
 'PATRIC_2044595_18_Gracilibacteria_25_scaffold_139_5'
 'PATRIC_2044595_18_Gracilibacteria_25_scaffold_139_3']",TRUE,Gracilibacteria,,
AR1-0_65_scaffold_1013,AR_2015_1-065_BD1-5_24_6_curated,['cas1' 'cas4' 'cpf1' 'cas2'],"['AR1-0_65_scaffold_1013_3' 'AR1-0_65_scaffold_1013_4'
 'AR1-0_65_scaffold_1013_7' 'AR1-0_65_scaffold_1013_2']",TRUE,Gracilibacteria,,
Zodeltone_water_scaffold_126019,zodeltone_water_Bacteria_maybe_BD1-5_23_2301,['cas1' 'cpf1' 'cas4' 'cas2'],"['Zodeltone_water_scaffold_126019_2' 'Zodeltone_water_scaffold_126019_4'
 'Zodeltone_water_scaffold_126019_5' 'Zodeltone_water_scaffold_126019_3'
 'Zodeltone_water_scaffold_126019_6' 'Zodeltone_water_scaffold_126019_1']",TRUE,Gracilibacteria,,
NCBI_GCA013332525_2_Gracilibacteria_37_scaffold_7,NCBI_GCA013332525.2_Gracilibacteria_37,['cas9' 'cas1' 'cas2'],"['NCBI_GCA013332525_2_Gracilibacteria_37_scaffold_7_1'
 'NCBI_GCA013332525_2_Gracilibacteria_37_scaffold_7_2'
 'NCBI_GCA013332525_2_Gracilibacteria_37_scaffold_7_3']",FALSE,Gracilibacteria,,Planctomycetes (66.67%) small scaffold
AR2-0_65_scaffold_2732,AR_2015_2-065_BD1-5_24_8_curated,['cas1' 'cas4'],['AR2-0_65_scaffold_2732_1' 'AR2-0_65_scaffold_2732_2'],TRUE,Gracilibacteria,,
AR2-0_65_scaffold_870,AR_2015_2-065_BD1-5_24_8_curated,['cas10' 'cas7' 'cas5' 'csm2'],"['AR2-0_65_scaffold_870_5' 'AR2-0_65_scaffold_870_3'
 'AR2-0_65_scaffold_870_2' 'AR2-0_65_scaffold_870_1'
 'AR2-0_65_scaffold_870_4']",FALSE,Gracilibacteria,,"GWA2_Bacteroidetes_32_17_curated (60.00%) small scaffold, no gra predictions"
AR_MS4_05142019_scaffold_9238,Alum_Rock_2019_MS4_test_Gracili_bin_23_66,['cas1' 'cas2'],['AR_MS4_05142019_scaffold_9238_5' 'AR_MS4_05142019_scaffold_9238_6'],FALSE,Gracilibacteria,,"Small scaffold, one gra prediction"
AR1-0_65_scaffold_2388,AR_2015_1-065_BD1-5_24_6_curated,['cpf1'],['AR1-0_65_scaffold_2388_1'],FALSE,Gracilibacteria,,single gene scaffold
AR1-0_65_scaffold_2740,AR_2015_1-065_BD1-5_24_6_curated,['cas10'],['AR1-0_65_scaffold_2740_2'],FALSE,Gracilibacteria,,two gene scaffold; no gra prediction
AR2-0_65_scaffold_782,AR_2015_2-065_BD1-5_24_8_curated,['cas10' 'cas7' 'cas5' 'csm2'],"['AR2-0_65_scaffold_782_2' 'AR2-0_65_scaffold_782_4'
 'AR2-0_65_scaffold_782_7' 'AR2-0_65_scaffold_782_3'
 'AR2-0_65_scaffold_782_5']",FALSE,Gracilibacteria,,double check with alex
ar4r2_scaffold_562,ALUMROCK_MS4_BD1-5_24_33_curated,['cas10' 'cas7' 'cas5' 'csm2' 'cas6'],"['ar4r2_scaffold_562_20' 'ar4r2_scaffold_562_22' 'ar4r2_scaffold_562_25'
 'ar4r2_scaffold_562_21' 'ar4r2_scaffold_562_23' 'ar4r2_scaffold_562_19']",TRUE,Gracilibacteria,,Should check with Alex
AR1-0_1_scaffold_56,AR_2015_1-01_BD1-5_23_19_curated,['cas10' 'cas7' 'cas5' 'csm2' 'cas6'],"['AR1-0_1_scaffold_56_7' 'AR1-0_1_scaffold_56_5' 'AR1-0_1_scaffold_56_2'
 'AR1-0_1_scaffold_56_6' 'AR1-0_1_scaffold_56_4' 'AR1-0_1_scaffold_56_8']",TRUE,Gracilibacteria,,Should check with Alex as well
AR_MS4_05142019_scaffold_1213,Alum_Rock_2019_MS4_test_Gracili_bin_23_66,['cas10' 'cas7' 'cas5' 'csm2' 'cas6'],"['AR_MS4_05142019_scaffold_1213_19' 'AR_MS4_05142019_scaffold_1213_21'
 'AR_MS4_05142019_scaffold_1213_24' 'AR_MS4_05142019_scaffold_1213_20'
 'AR_MS4_05142019_scaffold_1213_22' 'AR_MS4_05142019_scaffold_1213_18']",TRUE,Gracilibacteria,,
AR2-0_1_scaffold_80,AR_2015_2-01_BD1-5_23_23_curated,['cas10' 'cas7' 'cas5' 'csm2' 'cas6'],"['AR2-0_1_scaffold_80_7' 'AR2-0_1_scaffold_80_5' 'AR2-0_1_scaffold_80_2'
 'AR2-0_1_scaffold_80_6' 'AR2-0_1_scaffold_80_4' 'AR2-0_1_scaffold_80_8']",TRUE,Gracilibacteria,,
GTDB_GCA002422305_1_Gracilibacteria_21_scaffold_24,GTDB_GCA002422305.1_Gracilibacteria_21,['cas7' 'cas10' 'cas5' 'csm2' 'cas6'],"['GTDB_GCA002422305_1_Gracilibacteria_21_scaffold_24_7'
 'GTDB_GCA002422305_1_Gracilibacteria_21_scaffold_24_9'
 'GTDB_GCA002422305_1_Gracilibacteria_21_scaffold_24_6'
 'GTDB_GCA002422305_1_Gracilibacteria_21_scaffold_24_5'
 'GTDB_GCA002422305_1_Gracilibacteria_21_scaffold_24_8'
 'GTDB_GCA002422305_1_Gracilibacteria_21_scaffold_24_10']",FALSE,Gracilibacteria,,"unsure, check with Alex"
AR1-0_65_scaffold_4018,AR_2015_1-065_BD1-5_24_6_curated,['cas7' 'csm2'],['AR1-0_65_scaffold_4018_2' 'AR1-0_65_scaffold_4018_1'],FALSE,Gracilibacteria,,"two gene scaffold, no gra calls"
PATRIC_2044595_18_Gracilibacteria_25_scaffold_87,PATRIC_2044595.18_Gracilibacteria_25,['cpf1'],['PATRIC_2044595_18_Gracilibacteria_25_scaffold_87_5'],TRUE,Gracilibacteria,,
GTDB_GCA002422305_1_Gracilibacteria_21_scaffold_31,GTDB_GCA002422305.1_Gracilibacteria_21,['cpf1'],['GTDB_GCA002422305_1_Gracilibacteria_21_scaffold_31_1'],TRUE,Gracilibacteria,,"small scaffold, mostly unknown, one gra call"
GTDB_GCA002470645_1_Gracilibacteria_26_scaffold_14,GTDB_GCA002470645.1_Gracilibacteria_26,['cst1'],['GTDB_GCA002470645_1_Gracilibacteria_26_scaffold_14_23'],TRUE,Gracilibacteria,,
IMG_2236661024_Saccharibacteria_39_scaffold_607,IMG_2236661024_Saccharibacteria_39,['cas9' 'cas1' 'csn2' 'cas2'],"['IMG_2236661024_Saccharibacteria_39_scaffold_607_5'
 'IMG_2236661024_Saccharibacteria_39_scaffold_607_4'
 'IMG_2236661024_Saccharibacteria_39_scaffold_607_2'
 'IMG_2236661024_Saccharibacteria_39_scaffold_607_3']",FALSE,Saccharibacteria,IMG_2236661024_Saccharibacteria_39_scaffold_607,
IMG_2236661025_Saccharibacteria_47_scaffold_162,IMG_2236661025_Saccharibacteria_47,['TIGR03986' 'cas1' 'cas6'],"['IMG_2236661025_Saccharibacteria_47_scaffold_162_6'
 'IMG_2236661025_Saccharibacteria_47_scaffold_162_2'
 'IMG_2236661025_Saccharibacteria_47_scaffold_162_7']",FALSE,Saccharibacteria,IMG_2236661025_Saccharibacteria_47_scaffold_162,
IMG_2236661026_Saccharibacteria_50_scaffold_33,IMG_2236661026_Saccharibacteria_50,['TIGR03986'],"['IMG_2236661026_Saccharibacteria_50_scaffold_33_13'
 'IMG_2236661026_Saccharibacteria_50_scaffold_33_8']",FALSE,Saccharibacteria,IMG_2236661026_Saccharibacteria_50_scaffold_33,
IMG_2236661026_Saccharibacteria_50_scaffold_20,IMG_2236661026_Saccharibacteria_50,['cas9' 'cas1' 'csn2' 'cas2'],"['IMG_2236661026_Saccharibacteria_50_scaffold_20_7'
 'IMG_2236661026_Saccharibacteria_50_scaffold_20_8'
 'IMG_2236661026_Saccharibacteria_50_scaffold_20_10'
 'IMG_2236661026_Saccharibacteria_50_scaffold_20_9']",TRUE,Saccharibacteria,,
NCBI_GCA013333845_2_Saccharibacteria_48_scaffold_18,NCBI_GCA013333845.2_Saccharibacteria_48,['cas9'],['NCBI_GCA013333845_2_Saccharibacteria_48_scaffold_18_13'],TRUE,Saccharibacteria,,
Shaiber2020_ORALPAFMAG00015_Saccharibacteria_48_scaffold_18,Shaiber2020_ORALPAFMAG00015_Saccharibacteria_48,['cas9'],['Shaiber2020_ORALPAFMAG00015_Saccharibacteria_48_scaffold_18_13'],TRUE,Saccharibacteria,,
PATRIC_1953314_3_Saccharibacteria_47_scaffold_6,PATRIC_1953314.3_Saccharibacteria_47,['cas9' 'cas1' 'cas2'],"['PATRIC_1953314_3_Saccharibacteria_47_scaffold_6_15'
 'PATRIC_1953314_3_Saccharibacteria_47_scaffold_6_16'
 'PATRIC_1953314_3_Saccharibacteria_47_scaffold_6_17']",TRUE,Saccharibacteria,,
PATRIC_2026720_101_Saccharibacteria_49_scaffold_105,PATRIC_2026720.101_Saccharibacteria_49,['cas9'],['PATRIC_2026720_101_Saccharibacteria_49_scaffold_105_1'],FALSE,Saccharibacteria,,two gene scaffold
P0_An_GD2017L_S7_170907_scaffold_270734,E_GD2017-1_P0_An_GD2017L_S7_Biohub_170907_Saccharibacteria_52_20,['cas9' 'cas1' 'cas2'],"['P0_An_GD2017L_S7_170907_scaffold_270734_3'
 'P0_An_GD2017L_S7_170907_scaffold_270734_2'
 'P0_An_GD2017L_S7_170907_scaffold_270734_1']",TRUE,Saccharibacteria,,
Shaiber2020_ORALPCFMAG00004_Saccharibacteria_38_scaffold_10,Shaiber2020_ORALPCFMAG00004_Saccharibacteria_38,['cas9' 'cas1'],"['Shaiber2020_ORALPCFMAG00004_Saccharibacteria_38_scaffold_10_2'
 'Shaiber2020_ORALPCFMAG00004_Saccharibacteria_38_scaffold_10_1']",TRUE,Saccharibacteria,,
NCBI_GCA013333575_2_Saccharibacteria_38_scaffold_10,NCBI_GCA013333575.2_Saccharibacteria_38,['cas9' 'cas1'],"['NCBI_GCA013333575_2_Saccharibacteria_38_scaffold_10_2'
 'NCBI_GCA013333575_2_Saccharibacteria_38_scaffold_10_1']",TRUE,Saccharibacteria,,
PATRIC_1917697_5_Saccharibacteria_47_scaffold_260,PATRIC_1917697.5_Saccharibacteria_47,['cas9'],['PATRIC_1917697_5_Saccharibacteria_47_scaffold_260_2'],FALSE,Saccharibacteria,,two gene scaffold
IMG_2236661024_Saccharibacteria_39_scaffold_244,IMG_2236661024_Saccharibacteria_39,['cas9'],['IMG_2236661024_Saccharibacteria_39_scaffold_244_1'],FALSE,Saccharibacteria,,one gene scaffold
PATRIC_1917697_5_Saccharibacteria_47_scaffold_403,PATRIC_1917697.5_Saccharibacteria_47,['cas9'],['PATRIC_1917697_5_Saccharibacteria_47_scaffold_403_1'],FALSE,Saccharibacteria,,two gene scaffold
PATRIC_1917697_5_Saccharibacteria_47_scaffold_185,PATRIC_1917697.5_Saccharibacteria_47,['cas9' 'cas1'],"['PATRIC_1917697_5_Saccharibacteria_47_scaffold_185_2'
 'PATRIC_1917697_5_Saccharibacteria_47_scaffold_185_1']",FALSE,Saccharibacteria,,two gene scaffold
PATRIC_1917697_5_Saccharibacteria_47_scaffold_567,PATRIC_1917697.5_Saccharibacteria_47,['cas9'],['PATRIC_1917697_5_Saccharibacteria_47_scaffold_567_1'],FALSE,Saccharibacteria,,one gene scaffold 
PATRIC_1917697_5_Saccharibacteria_47_scaffold_395,PATRIC_1917697.5_Saccharibacteria_47,['cas9'],['PATRIC_1917697_5_Saccharibacteria_47_scaffold_395_1'],FALSE,Saccharibacteria,,one gene scaffold 
PATRIC_671231_6_Saccharibacteria_41_scaffold_12,PATRIC_671231.6_Saccharibacteria_41,['cas9' 'cas1' 'cas2'],"['PATRIC_671231_6_Saccharibacteria_41_scaffold_12_4'
 'PATRIC_671231_6_Saccharibacteria_41_scaffold_12_3'
 'PATRIC_671231_6_Saccharibacteria_41_scaffold_12_5'
 'PATRIC_671231_6_Saccharibacteria_41_scaffold_12_2']",TRUE,Saccharibacteria,,
Shaiber2020_ORALPBMBin00030_Saccharibacteria_48_scaffold_12,Shaiber2020_ORALPBMBin00030_Saccharibacteria_48,['cas9' 'cas1' 'cas2'],"['Shaiber2020_ORALPBMBin00030_Saccharibacteria_48_scaffold_12_1'
 'Shaiber2020_ORALPBMBin00030_Saccharibacteria_48_scaffold_12_2'
 'Shaiber2020_ORALPBMBin00030_Saccharibacteria_48_scaffold_12_3']",FALSE,Saccharibacteria,,no saccharibacteria gene calls
IMG_2236661024_Saccharibacteria_39_scaffold_79,IMG_2236661024_Saccharibacteria_39,['cas1' 'cas2' 'csn2'],"['IMG_2236661024_Saccharibacteria_39_scaffold_79_2'
 'IMG_2236661024_Saccharibacteria_39_scaffold_79_3'
 'IMG_2236661024_Saccharibacteria_39_scaffold_79_4']",FALSE,Saccharibacteria,,no saccharibacteria gene calls
PATRIC_1917697_5_Saccharibacteria_47_scaffold_75,PATRIC_1917697.5_Saccharibacteria_47,['cas1' 'cas9'],"['PATRIC_1917697_5_Saccharibacteria_47_scaffold_75_1'
 'PATRIC_1917697_5_Saccharibacteria_47_scaffold_75_2']",FALSE,Saccharibacteria,,no saccharibacteria gene calls
PATRIC_1917697_5_Saccharibacteria_47_scaffold_212,PATRIC_1917697.5_Saccharibacteria_47,['cas1' 'cas9' 'cas2'],"['PATRIC_1917697_5_Saccharibacteria_47_scaffold_212_2'
 'PATRIC_1917697_5_Saccharibacteria_47_scaffold_212_1'
 'PATRIC_1917697_5_Saccharibacteria_47_scaffold_212_3']",FALSE,Saccharibacteria,,no saccharibacteria gene calls
IMG_2236661024_Saccharibacteria_39_scaffold_633,IMG_2236661024_Saccharibacteria_39,['cas1' 'cas7' 'cas5' 'csm6' 'cas2' 'cas6'],"['IMG_2236661024_Saccharibacteria_39_scaffold_633_2'
 'IMG_2236661024_Saccharibacteria_39_scaffold_633_7'
 'IMG_2236661024_Saccharibacteria_39_scaffold_633_6'
 'IMG_2236661024_Saccharibacteria_39_scaffold_633_3'
 'IMG_2236661024_Saccharibacteria_39_scaffold_633_5'
 'IMG_2236661024_Saccharibacteria_39_scaffold_633_1'
 'IMG_2236661024_Saccharibacteria_39_scaffold_633_4']",FALSE,Saccharibacteria,,no saccharibacteria gene calls
DolZOral124_scaffold_10239,DOLZORAL124_TM7_55_12,['cas9'],['DolZOral124_scaffold_10239_1'],TRUE,Saccharibacteria,,
IMG_2236661024_Saccharibacteria_39_scaffold_395,IMG_2236661024_Saccharibacteria_39,['cas3' 'casA_cse1' 'casB_cse2'],"['IMG_2236661024_Saccharibacteria_39_scaffold_395_32'
 'IMG_2236661024_Saccharibacteria_39_scaffold_395_33'
 'IMG_2236661024_Saccharibacteria_39_scaffold_395_34']",FALSE,Saccharibacteria,,Lachnospiraceae bacterium oral taxon 082 (77.78%)
IMG_2236661027_Saccharibacteria_41_scaffold_124,IMG_2236661027_Saccharibacteria_41,['cas9'],['IMG_2236661027_Saccharibacteria_41_scaffold_124_1'],FALSE,Saccharibacteria,,one gene scaffold
IMG_2236661026_Saccharibacteria_50_scaffold_70,IMG_2236661026_Saccharibacteria_50,['cas1'],['IMG_2236661026_Saccharibacteria_50_scaffold_70_2'],FALSE,Saccharibacteria,,two gene scaffold
Shaiber2020_ORALPBMBin00030_Saccharibacteria_48_scaffold_4,Shaiber2020_ORALPBMBin00030_Saccharibacteria_48,['cas9'],['Shaiber2020_ORALPBMBin00030_Saccharibacteria_48_scaffold_4_1'],TRUE,Saccharibacteria,,
PATRIC_1917697_5_Saccharibacteria_47_scaffold_470,PATRIC_1917697.5_Saccharibacteria_47,['cas9'],['PATRIC_1917697_5_Saccharibacteria_47_scaffold_470_4'],FALSE,Saccharibacteria,,"three gene scaffold, no saccharibacteria gene calls"
IMG_2236661024_Saccharibacteria_39_scaffold_354,IMG_2236661024_Saccharibacteria_39,['cas9'],['IMG_2236661024_Saccharibacteria_39_scaffold_354_1'],FALSE,Saccharibacteria,,one gene scaffold
IMG_2236661027_Saccharibacteria_41_scaffold_164,IMG_2236661027_Saccharibacteria_41,['cas9'],['IMG_2236661027_Saccharibacteria_41_scaffold_164_1'],FALSE,Saccharibacteria,,one gene scaffold
IMG_2236661024_Saccharibacteria_39_scaffold_955,IMG_2236661024_Saccharibacteria_39,['cas10' 'csm2'],"['IMG_2236661024_Saccharibacteria_39_scaffold_955_2'
 'IMG_2236661024_Saccharibacteria_39_scaffold_955_1']",FALSE,Saccharibacteria,,two gene scaffold
Campanaro2020_METABATAS08sgBPME207_Saccharibacteria_43_scaffold_34,Campanaro2020_METABATAS08sgBPME207_Saccharibacteria_43,['MJ0381'],['Campanaro2020_METABATAS08sgBPME207_Saccharibacteria_43_scaffold_34_1'],FALSE,Saccharibacteria,,one gene scaffold
IMG_2236661024_Saccharibacteria_39_scaffold_369,IMG_2236661024_Saccharibacteria_39,['cas6'],['IMG_2236661024_Saccharibacteria_39_scaffold_369_19'],FALSE,Saccharibacteria,,Lachnospiraceae bacterium oral taxon 082 (54.55%)
PATRIC_713054_10_Saccharibacteria_42_scaffold_15,PATRIC_713054.10_Saccharibacteria_42,['cas6' 'cas3'],"['PATRIC_713054_10_Saccharibacteria_42_scaffold_15_24'
 'PATRIC_713054_10_Saccharibacteria_42_scaffold_15_26']",FALSE,Saccharibacteria,,"not sure, check with alex"
IMG_2236661024_Saccharibacteria_39_scaffold_211,IMG_2236661024_Saccharibacteria_39,['csf4'],['IMG_2236661024_Saccharibacteria_39_scaffold_211_10'],FALSE,Saccharibacteria,,fusobacteria
IMG_2236661024_Saccharibacteria_39_scaffold_785,IMG_2236661024_Saccharibacteria_39,['cas3'],['IMG_2236661024_Saccharibacteria_39_scaffold_785_1'],FALSE,Saccharibacteria,,no saccharibacteria calls
IMG_2236661024_Saccharibacteria_39_scaffold_1619,IMG_2236661024_Saccharibacteria_39,['cas6'],['IMG_2236661024_Saccharibacteria_39_scaffold_1619_1'],FALSE,Saccharibacteria,,no saccharibacteria calls
DolZOral124_scaffold_44126,DOLZORAL124_TM7_45_28_partial,['cas2'],['DolZOral124_scaffold_44126_6'],TRUE,Saccharibacteria,,